,0
0,DPM6bot1.Odd2Bo25.Even2Bo51
1,DPM6bot1.Odd2Bo43.Even2Bo3
2,DPM6bot11.Odd2Bo81.Even2Bo78
3,DPM6bot12.Odd2Bo54.Even2Bo68
4,DPM6bot12.Odd2Bo95.Even2Bo9
5,DPM6bot13.Odd2Bo75.Even2Bo91
6,DPM6bot14.Odd2Bo39.Even2Bo12
7,DPM6bot15.Odd2Bo31.Even2Bo50
8,DPM6bot17.Odd2Bo30.Even2Bo49
9,DPM6bot18.Odd2Bo23.Even2Bo12
10,DPM6bot18.Odd2Bo61.Even2Bo19
11,DPM6bot18.Odd2Bo73.Even2Bo43
12,DPM6bot18.Odd2Bo76.Even2Bo87
13,DPM6bot18.Odd2Bo78.Even2Bo4
14,DPM6bot2.Odd2Bo21.Even2Bo85
15,DPM6bot2.Odd2Bo64.Even2Bo46
16,DPM6bot2.Odd2Bo79.Even2Bo52
17,DPM6bot2.Odd2Bo94.Even2Bo67
18,DPM6bot2.Odd2Bo95.Even2Bo53
19,DPM6bot20.Odd2Bo10.Even2Bo35
20,DPM6bot20.Odd2Bo61.Even2Bo17
21,DPM6bot20.Odd2Bo72.Even2Bo65
22,DPM6bot20.Odd2Bo95.Even2Bo11
23,DPM6bot22.Odd2Bo55.Even2Bo86
24,DPM6bot22.Odd2Bo81.Even2Bo83
25,DPM6bot22.Odd2Bo87.Even2Bo49
26,DPM6bot23.Odd2Bo37.Even2Bo90
27,DPM6bot23.Odd2Bo62.Even2Bo82
28,DPM6bot24.Odd2Bo43.Even2Bo53
29,DPM6bot24.Odd2Bo60.Even2Bo14
30,DPM6bot24.Odd2Bo70.Even2Bo49
31,DPM6bot25.Odd2Bo91.Even2Bo11
32,DPM6bot25.Odd2Bo96.Even2Bo60
33,DPM6bot26.Odd2Bo3.Even2Bo70
34,DPM6bot28.Odd2Bo19.Even2Bo5
35,DPM6bot28.Odd2Bo44.Even2Bo42
36,DPM6bot28.Odd2Bo94.Even2Bo3
37,DPM6bot29.Odd2Bo14.Even2Bo4
38,DPM6bot29.Odd2Bo89.Even2Bo31
39,DPM6bot30.Odd2Bo9.Even2Bo75
40,DPM6bot31.Odd2Bo45.Even2Bo91
41,DPM6bot31.Odd2Bo90.Even2Bo64
42,DPM6bot32.Odd2Bo20.Even2Bo5
43,DPM6bot32.Odd2Bo49.Even2Bo39
44,DPM6bot34.Odd2Bo59.Even2Bo6
45,DPM6bot35.Odd2Bo27.Even2Bo54
46,DPM6bot35.Odd2Bo83.Even2Bo27
47,DPM6bot35.Odd2Bo91.Even2Bo96
48,DPM6bot36.Odd2Bo64.Even2Bo22
49,DPM6bot38.Odd2Bo27.Even2Bo25
50,DPM6bot38.Odd2Bo90.Even2Bo96
51,DPM6bot39.Odd2Bo26.Even2Bo55
52,DPM6bot39.Odd2Bo8.Even2Bo41
53,DPM6bot39.Odd2Bo82.Even2Bo4
54,DPM6bot4.Odd2Bo32.Even2Bo61
55,DPM6bot4.Odd2Bo61.Even2Bo39
56,DPM6bot41.Odd2Bo59.Even2Bo26
57,DPM6bot42.Odd2Bo39.Even2Bo35
58,DPM6bot42.Odd2Bo91.Even2Bo6
59,DPM6bot43.Odd2Bo41.Even2Bo38
60,DPM6bot43.Odd2Bo51.Even2Bo84
61,DPM6bot43.Odd2Bo72.Even2Bo87
62,DPM6bot43.Odd2Bo93.Even2Bo90
63,DPM6bot44.Odd2Bo53.Even2Bo46
64,DPM6bot45.Odd2Bo63.Even2Bo71
65,DPM6bot45.Odd2Bo68.Even2Bo34
66,DPM6bot45.Odd2Bo86.Even2Bo4
67,DPM6bot46.Odd2Bo2.Even2Bo59
68,DPM6bot46.Odd2Bo49.Even2Bo41
69,DPM6bot47.Odd2Bo22.Even2Bo51
70,DPM6bot47.Odd2Bo39.Even2Bo16
71,DPM6bot47.Odd2Bo4.Even2Bo68
72,DPM6bot48.Odd2Bo66.Even2Bo70
73,DPM6bot5.Odd2Bo90.Even2Bo20
74,DPM6bot50.Odd2Bo60.Even2Bo21
75,DPM6bot51.Odd2Bo75.Even2Bo45
76,DPM6bot52.Odd2Bo15.Even2Bo6
77,DPM6bot52.Odd2Bo73.Even2Bo12
78,DPM6bot53.Odd2Bo1.Even2Bo38
79,DPM6bot53.Odd2Bo31.Even2Bo47
80,DPM6bot53.Odd2Bo36.Even2Bo7
81,DPM6bot54.Odd2Bo20.Even2Bo43
82,DPM6bot54.Odd2Bo38.Even2Bo25
83,DPM6bot54.Odd2Bo59.Even2Bo87
84,DPM6bot55.Odd2Bo32.Even2Bo41
85,DPM6bot55.Odd2Bo80.Even2Bo43
86,DPM6bot55.Odd2Bo82.Even2Bo88
87,DPM6bot56.Odd2Bo83.Even2Bo66
88,DPM6bot57.Odd2Bo90.Even2Bo26
89,DPM6bot58.Odd2Bo96.Even2Bo96
90,DPM6bot59.Odd2Bo22.Even2Bo96
91,DPM6bot59.Odd2Bo52.Even2Bo40
92,DPM6bot60.Odd2Bo10.Even2Bo41
93,DPM6bot60.Odd2Bo3.Even2Bo22
94,DPM6bot60.Odd2Bo31.Even2Bo89
95,DPM6bot60.Odd2Bo73.Even2Bo12
96,DPM6bot62.Odd2Bo30.Even2Bo44
97,DPM6bot62.Odd2Bo69.Even2Bo32
98,DPM6bot67.Odd2Bo47.Even2Bo19
99,DPM6bot7.Odd2Bo11.Even2Bo46
100,DPM6bot7.Odd2Bo28.Even2Bo15
101,DPM6bot70.Odd2Bo40.Even2Bo96
102,DPM6bot71.Odd2Bo38.Even2Bo80
103,DPM6bot73.Odd2Bo6.Even2Bo3
104,DPM6bot73.Odd2Bo69.Even2Bo52
105,DPM6bot73.Odd2Bo84.Even2Bo96
106,DPM6bot76.Odd2Bo38.Even2Bo59
107,DPM6bot76.Odd2Bo54.Even2Bo76
108,DPM6bot76.Odd2Bo82.Even2Bo87
109,DPM6bot77.Odd2Bo39.Even2Bo50
110,DPM6bot77.Odd2Bo92.Even2Bo45
111,DPM6bot78.Odd2Bo76.Even2Bo79
112,DPM6bot79.Odd2Bo43.Even2Bo46
113,DPM6bot8.Odd2Bo29.Even2Bo16
114,DPM6bot8.Odd2Bo71.Even2Bo18
115,DPM6bot80.Odd2Bo16.Even2Bo95
116,DPM6bot80.Odd2Bo71.Even2Bo70
117,DPM6bot81.Odd2Bo35.Even2Bo61
118,DPM6bot82.Odd2Bo27.Even2Bo43
119,DPM6bot82.Odd2Bo39.Even2Bo75
120,DPM6bot83.Odd2Bo42.Even2Bo17
121,DPM6bot83.Odd2Bo53.Even2Bo47
122,DPM6bot83.Odd2Bo94.Even2Bo66
123,DPM6bot87.Odd2Bo18.Even2Bo63
124,DPM6bot87.Odd2Bo4.Even2Bo89
125,DPM6bot87.Odd2Bo7.Even2Bo80
126,DPM6bot89.Odd2Bo2.Even2Bo23
127,DPM6bot89.Odd2Bo95.Even2Bo14
128,DPM6bot90.Odd2Bo29.Even2Bo90
129,DPM6bot90.Odd2Bo51.Even2Bo41
130,DPM6bot91.Odd2Bo17.Even2Bo39
131,DPM6bot91.Odd2Bo22.Even2Bo1
132,DPM6bot91.Odd2Bo66.Even2Bo31
133,DPM6bot91.Odd2Bo88.Even2Bo75
134,DPM6bot92.Odd2Bo62.Even2Bo96
135,DPM6bot92.Odd2Bo64.Even2Bo2
136,DPM6bot92.Odd2Bo66.Even2Bo62
137,DPM6bot93.Odd2Bo81.Even2Bo6
138,DPM6bot94.Odd2Bo91.Even2Bo42
139,DPM6bot95.Odd2Bo27.Even2Bo54
140,DPM6bot95.Odd2Bo52.Even2Bo25
141,DPM6bot95.Odd2Bo83.Even2Bo95
